{
  "valor": 18760310370.91,
  "valorPerCapita": 4616.159038051186,
  "previsaoInicial": 19749451365.0,
  "mediaMensal": 1563359197.5758333,
  "populacao": 4064052
}