{
  "valor": 20065040972.95,
  "valorPerCapita": 4883.7779974993355,
  "previsaoInicial": 18902292466.0,
  "mediaMensal": 1672086747.7458334,
  "populacao": 4108508
}