{
  "valor": 24021864598.84,
  "valorPerCapita": 6265.954406288213,
  "previsaoInicial": 20273774984.0,
  "mediaMensal": 2001822049.9033334,
  "populacao": 3833712
}