{
  "valor": 25896341219.57,
  "valorPerCapita": 6754.900008026164,
  "previsaoInicial": 22507308118.0,
  "mediaMensal": 2158028434.9641666,
  "populacao": 3833712
}