{
  "valor": 29223469784.54,
  "valorPerCapita": 7123.976302193324,
  "previsaoInicial": 24930292998.0,
  "mediaMensal": 2435289148.7116666,
  "populacao": 4102129
}